{"schemaVersion":"1.0","appDefinitionTemplate":{"id":"/providers/Microsoft.PowerApps/apps/","type":"Microsoft.PowerApps/apps","tags":{"primaryDeviceWidth":"1380","primaryDeviceHeight":"768","supportsPortrait":"true","supportsLandscape":"true","primaryFormFactor":"Tablet","showStatusBar":"false","publisherVersion":"3.24094.14","minimumRequiredApiVersion":"2.2.0","hasComponent":"false","hasUnlockedComponent":"false","isUnifiedRootApp":"false","sienaVersion":"20241010T072858Z-3.24094.14.0"},"properties":{"appVersion":"2024-10-10T07:28:58Z","lifeCycleId":"Published","createdByClientVersion":{"major":3,"minor":24094,"build":14,"revision":0,"majorRevision":0,"minorRevision":0},"minClientVersion":{"major":3,"minor":24094,"build":14,"revision":0,"majorRevision":0,"minorRevision":0},"backgroundColor":"rgba(255, 255, 255, 1)","backgroundImageUri":"/14800164323154809958/Nedea0f8e-9274-48a1-bc43-de5ef34eefaf-logoSmallFile","displayName":"EmployeeFormApp_SharePointList","description":"","commitMessage":"","appUris":{"documentUri":{"value":"/14800164323154809958/N435ea1bf-d24e-406d-8882-c1b1ec21dd9b-document.msapp"},"imageUris":[],"additionalUris":[{"isSolutionAware":false,"value":"/14800164323154809958/N9f373fa1-994e-47b2-a486-7a3bc8b07825-identity.json"}]},"createdTime":"0001-01-01T00:00:00Z","lastModifiedTime":"0001-01-01T00:00:00Z","sharedGroupsCount":0,"sharedUsersCount":0,"connectionReferences":{"6cd04b5e-45d0-477e-ba76-0b3ea5f9a5a4":{"id":"d0e5c0ab-11b2-434b-956a-c69b13bf29e3","displayName":"SharePoint","iconUri":"https://connectoricons-prod.azureedge.net/u/jayawan/releases/v1.0.1697/1.0.1697.3786/sharepointonline/icon.png","dataSources":["Employees"],"dependencies":[],"dependents":[],"parameterHints":{},"parameterHintsV2":{},"isOnPremiseConnection":false,"bypassConsent":false,"dataSets":{"https://y5sx6.sharepoint.com/sites/devpratiksha":{"dataSources":{"Employees":{"tableName":"1520226e-fcc3-409b-869f-d1eafd537f70"}}}},"apiTier":"Standard","isCustomApiConnection":false,"actions":["providers/PowerPlatform.Governance/Operations/Read","providers/PowerPlatform.Governance/Operations/Write","providers/PowerPlatform.Governance/Operations/Delete"]}},"databaseReferences":{},"almMode":"Environment","performanceOptimizationEnabled":false,"canConsumeAppPass":false,"enableModernRuntimeMode":false,"executionRestrictions":{"isTeamsOnly":false,"dataLossPreventionEvaluationResult":{"status":"Compliant","lastEvaluationDate":"2024-10-08T08:50:39.8484967Z","violations":[],"violationsByPolicy":[],"violationErrorMessage":"The app uses the following connectors: shared_sharepointonline."}}},"appType":"ClassicCanvasApp","appComponents":[]}}